scientific_name,common_name,event_date,latitude,longitude,place_or_country,gbif_url
"Vulpes vulpes (Linnaeus, 1758)",,2025-01-02T10:30Z/2025-01-02T11:30Z,61.784346,23.459197,Pirkanmaa,https://www.gbif.org/occurrence/5000578224
"Vulpes vulpes (Linnaeus, 1758)",,2025-01-02T00:00Z,60.950106,21.443362,Varsinais-Suomi,https://www.gbif.org/occurrence/5000580189
"Vulpes vulpes (Linnaeus, 1758)",,2025-01-03T00:00Z,60.693813,21.713169,Varsinais-Suomi,https://www.gbif.org/occurrence/5003396313
"Vulpes vulpes (Linnaeus, 1758)",,2025-01-05T00:00Z,60.254709,24.852129,"Malminkartano, Pihkapuisto, ojan varsi.",https://www.gbif.org/occurrence/5003396408
"Vulpes vulpes (Linnaeus, 1758)",,2025-01-06T00:00Z,61.184279,21.629036,Raunela,https://www.gbif.org/occurrence/5003396409
"Vulpes vulpes (Linnaeus, 1758)",,2025-01-01,59.914271,10.976272,"Nesåsen, Lørenskog, Ak",https://www.gbif.org/occurrence/5003509478
"Vulpes vulpes (Linnaeus, 1758)",,2025-01-01,60.782995,11.175249,"Opphus, Hamar, In",https://www.gbif.org/occurrence/5003510484
"Vulpes vulpes (Linnaeus, 1758)",,2025-01-05,59.153678,10.244055,"Fossen, Unneberg, Sandefjord, Vf",https://www.gbif.org/occurrence/5003510791
"Vulpes vulpes (Linnaeus, 1758)",,2025-01-03,59.245109,10.429944,"Hjertnes, Færder, Vf",https://www.gbif.org/occurrence/5003512479
"Vulpes vulpes (Linnaeus, 1758)",,2025-01-04,68.10811,15.594879,"Kulkleiva, Hamarøy, No",https://www.gbif.org/occurrence/5003521515
"Vulpes vulpes (Linnaeus, 1758)",,2025-01-02,59.388195,10.350712,"Nyerrød, Nyerrød, Tønsberg, Vf",https://www.gbif.org/occurrence/5003523736
"Vulpes vulpes (Linnaeus, 1758)",,2025-01-04,59.889476,10.864468,"Østmarksetra sør, Ulsrudvannet, Oslo, Os",https://www.gbif.org/occurrence/5003527168
"Vulpes vulpes (Linnaeus, 1758)",,2025-01-02,69.719351,19.104651,"Grindhaugen, Movik, Tromsø, Tr",https://www.gbif.org/occurrence/5003534626
"Vulpes vulpes (Linnaeus, 1758)",,2025-01-01,62.952936,7.680182,"Stokkdalen, Gjemnes, Mr",https://www.gbif.org/occurrence/5003536246
"Vulpes vulpes (Linnaeus, 1758)",,2025-01-01,59.397928,10.438307,"Toen D, Borrevannet, Horten, Vf",https://www.gbif.org/occurrence/5003542246
"Vulpes vulpes (Linnaeus, 1758)",,2025-01-02,59.13536,10.392762,"Sandbekk, Færder, Vf",https://www.gbif.org/occurrence/5003543213
"Vulpes vulpes (Linnaeus, 1758)",,2025-01-06,70.123187,28.580341,"Karlebotn, Nesseby, Fi",https://www.gbif.org/occurrence/5003547158
"Vulpes vulpes (Linnaeus, 1758)",,2025-01-02,58.162773,8.101241,"Nedre Timenes, Kristiansand, Ag",https://www.gbif.org/occurrence/5003547823
"Vulpes vulpes (Linnaeus, 1758)",,2025-01-02,59.914866,11.000311,"Nybakk, Lørenskog, Ak",https://www.gbif.org/occurrence/5003560064
"Vulpes vulpes (Linnaeus, 1758)",,2025-01-01,59.381461,10.526099,"Bastøy, Horten, Vf",https://www.gbif.org/occurrence/5003561945
"Vulpes vulpes (Linnaeus, 1758)",,2025-01-02,59.984762,10.752124,"Skjerven, Maridalen, Oslo, Os",https://www.gbif.org/occurrence/5003582451
"Vulpes vulpes (Linnaeus, 1758)",,2025-01-01,60.173762,10.286312,"Hovsenga naturreservat, Hovsenga, Ringerike, Bu",https://www.gbif.org/occurrence/5003586386
"Vulpes vulpes (Linnaeus, 1758)",,2025-01-01,58.87867,5.606547,"Stavanger Lufthavn Sola vest, Stavanger Lufthavn Sola, Sola, Ro",https://www.gbif.org/occurrence/5003604349
"Vulpes vulpes (Linnaeus, 1758)",,2025-01-01,62.959745,7.665297,"Galamarka, Gjemnes, Mr",https://www.gbif.org/occurrence/5003608461
"Vulpes vulpes (Linnaeus, 1758)",Fox,2025-01-01T00:00Z,-35.013415,138.56779,South Australia,https://www.gbif.org/occurrence/5003643330
"Vulpes vulpes (Linnaeus, 1758)",Fox,2025-01-05T00:00Z,-33.733556,150.998588,New South Wales,https://www.gbif.org/occurrence/5003643337
"Vulpes vulpes (Linnaeus, 1758)",Fox,2025-01-01T00:00Z,-37.93842,145.030444,Victoria,https://www.gbif.org/occurrence/5003643354
"Vulpes vulpes (Linnaeus, 1758)",Fox,2025-01-05T00:00Z,-33.744147,151.267147,New South Wales,https://www.gbif.org/occurrence/5003643364
"Vulpes vulpes (Linnaeus, 1758)",Fox,2025-01-01T00:00Z,-33.652104,151.305429,New South Wales,https://www.gbif.org/occurrence/5003643368
"Vulpes vulpes (Linnaeus, 1758)",Fox,2025-01-03T00:00Z,-33.59068,150.203736,New South Wales,https://www.gbif.org/occurrence/5003643374
"Vulpes vulpes (Linnaeus, 1758)",Fox,2025-01-02T00:00Z,-33.890074,150.969892,New South Wales,https://www.gbif.org/occurrence/5003643395
"Vulpes vulpes (Linnaeus, 1758)",Fox,2025-01-03T00:00Z,-33.761204,151.282165,New South Wales,https://www.gbif.org/occurrence/5003643396
"Vulpes vulpes (Linnaeus, 1758)",Fox,2025-01-02T00:00Z,-35.634435,138.499168,South Australia,https://www.gbif.org/occurrence/5003643397
"Vulpes vulpes (Linnaeus, 1758)",Fox,2025-01-01T00:00Z,-33.591373,150.20422,New South Wales,https://www.gbif.org/occurrence/5003643410
"Vulpes vulpes (Linnaeus, 1758)",Fox,2025-01-03T00:00Z,-33.756293,151.060798,New South Wales,https://www.gbif.org/occurrence/5003643415
"Vulpes vulpes (Linnaeus, 1758)",Fox,2025-01-06T00:00Z,-37.888512,145.150374,Victoria,https://www.gbif.org/occurrence/5003643421
"Vulpes vulpes (Linnaeus, 1758)",Fox,2025-01-05T00:00Z,-33.340083,151.415916,New South Wales,https://www.gbif.org/occurrence/5003643426
"Vulpes vulpes (Linnaeus, 1758)",Fox,2025-01-02T00:00Z,-31.895247,116.129897,Western Australia,https://www.gbif.org/occurrence/5003643429
"Vulpes vulpes (Linnaeus, 1758)",Fox,2025-01-02T00:00Z,-33.591335,150.204198,New South Wales,https://www.gbif.org/occurrence/5003643430
"Vulpes vulpes (Linnaeus, 1758)",Fox,2025-01-04T00:00Z,-33.746349,151.075245,New South Wales,https://www.gbif.org/occurrence/5003643437
"Vulpes vulpes (Linnaeus, 1758)",Fox,2025-01-02T00:00Z,-37.796365,144.911736,Victoria,https://www.gbif.org/occurrence/5003643471
"Vulpes vulpes (Linnaeus, 1758)",Fox,2025-01-03T00:00Z,-33.393957,151.385222,New South Wales,https://www.gbif.org/occurrence/5003643472
"Vulpes vulpes (Linnaeus, 1758)",Fox,2025-01-04T00:00Z,-33.590657,150.203728,New South Wales,https://www.gbif.org/occurrence/5003643476
"Vulpes vulpes (Linnaeus, 1758)",Fox,2025-01-02T00:00Z,-33.435934,115.621181,Western Australia,https://www.gbif.org/occurrence/5003643519
"Vulpes vulpes (Linnaeus, 1758)",Fox,2025-01-04T00:00Z,-33.591346,150.204189,New South Wales,https://www.gbif.org/occurrence/5003643520
"Vulpes vulpes (Linnaeus, 1758)",Fox,2025-01-03T00:00Z,-33.591333,150.204211,New South Wales,https://www.gbif.org/occurrence/5003643527
"Vulpes vulpes (Linnaeus, 1758)",Fox,2025-01-03T00:00Z,-38.342105,142.61567,Victoria,https://www.gbif.org/occurrence/5003643528
"Vulpes vulpes (Linnaeus, 1758)",Fox,2025-01-06T00:00Z,-33.413999,151.43367,New South Wales,https://www.gbif.org/occurrence/5003643531
"Vulpes vulpes (Linnaeus, 1758)",Fox,2025-01-03T00:00Z,-35.219451,138.467946,South Australia,https://www.gbif.org/occurrence/5003643535
"Vulpes vulpes (Linnaeus, 1758)",Fox,2025-01-04T00:00Z,-33.40105,151.391779,New South Wales,https://www.gbif.org/occurrence/5003643547
"Vulpes vulpes (Linnaeus, 1758)",Fox,2025-01-01T00:00Z,-33.591136,150.203857,New South Wales,https://www.gbif.org/occurrence/5003643561
"Vulpes vulpes (Linnaeus, 1758)",Fox,2025-01-04T00:00Z,-36.995712,143.339237,Victoria,https://www.gbif.org/occurrence/5003643562
"Vulpes vulpes (Linnaeus, 1758)",Fox,2025-01-05T00:00Z,-34.014057,151.053792,New South Wales,https://www.gbif.org/occurrence/5003643566
"Vulpes vulpes (Linnaeus, 1758)",Fox,2025-01-02T00:00Z,-31.583183,115.676639,Western Australia,https://www.gbif.org/occurrence/5003643582
"Vulpes vulpes (Linnaeus, 1758)",Fox,2025-01-03T00:00Z,-33.591326,150.204208,New South Wales,https://www.gbif.org/occurrence/5003643603
"Vulpes vulpes (Linnaeus, 1758)",Fox,2025-01-03T00:00Z,-37.174438,142.53892,Victoria,https://www.gbif.org/occurrence/5003643613
"Vulpes vulpes (Linnaeus, 1758)",Fox,2025-01-05T00:00Z,-37.787422,145.333014,Victoria,https://www.gbif.org/occurrence/5003643617
"Vulpes vulpes (Linnaeus, 1758)",Fox,2025-01-04T00:00Z,-35.956581,144.153609,Victoria,https://www.gbif.org/occurrence/5003643626
"Vulpes vulpes (Linnaeus, 1758)",Fox,2025-01-04T00:00Z,-33.591359,150.2042,New South Wales,https://www.gbif.org/occurrence/5003643633
"Vulpes vulpes (Linnaeus, 1758)",Fox,2025-01-04T00:00Z,-33.590662,150.203712,New South Wales,https://www.gbif.org/occurrence/5003643637
"Vulpes vulpes (Linnaeus, 1758)",Fox,2025-01-03T00:00Z,-34.809338,138.857198,South Australia,https://www.gbif.org/occurrence/5003643651
"Vulpes vulpes (Linnaeus, 1758)",Fox,2025-01-06T00:00Z,-30.551641,151.655814,New South Wales,https://www.gbif.org/occurrence/5003643661
"Vulpes vulpes (Linnaeus, 1758)",Fox,2025-01-05T00:00Z,-33.591333,150.204231,New South Wales,https://www.gbif.org/occurrence/5003643665
"Vulpes vulpes (Linnaeus, 1758)",Fox,2025-01-02T00:00Z,-34.409336,149.619418,New South Wales,https://www.gbif.org/occurrence/5003643682
"Vulpes vulpes (Linnaeus, 1758)",Fox,2025-01-03T00:00Z,-38.520289,143.681088,Victoria,https://www.gbif.org/occurrence/5003643701
"Vulpes vulpes (Linnaeus, 1758)",Fox,2025-01-01T00:00Z,-33.340125,151.416017,New South Wales,https://www.gbif.org/occurrence/5003643703
"Vulpes vulpes (Linnaeus, 1758)",Fox,2025-01-03T00:00Z,-33.436109,115.621116,Western Australia,https://www.gbif.org/occurrence/5003643711
"Vulpes vulpes (Linnaeus, 1758)",Fox,2025-01-05T00:00Z,-33.591338,150.204227,New South Wales,https://www.gbif.org/occurrence/5003643720
"Vulpes vulpes (Linnaeus, 1758)",Fox,2025-01-03T00:00Z,-36.996397,143.34516,Victoria,https://www.gbif.org/occurrence/5003643733
"Vulpes vulpes (Linnaeus, 1758)",Fox,2025-01-01T00:00Z,-33.778825,150.954989,New South Wales,https://www.gbif.org/occurrence/5003643740
"Vulpes vulpes (Linnaeus, 1758)",Fox,2025-01-02T00:00Z,-33.340087,151.415906,New South Wales,https://www.gbif.org/occurrence/5003643743
"Vulpes vulpes (Linnaeus, 1758)",Fox,2025-01-05T00:00Z,-35.009889,117.91544,Western Australia,https://www.gbif.org/occurrence/5003643775
"Vulpes vulpes (Linnaeus, 1758)",Fox,2025-01-03T00:00Z,-33.591327,150.204162,New South Wales,https://www.gbif.org/occurrence/5003643777
"Vulpes vulpes (Linnaeus, 1758)",Fox,2025-01-04T00:00Z,-33.591078,150.203951,New South Wales,https://www.gbif.org/occurrence/5003643778
"Vulpes vulpes (Linnaeus, 1758)",Fox,2025-01-04T00:00Z,-38.072146,145.319423,Victoria,https://www.gbif.org/occurrence/5003643780
"Vulpes vulpes (Linnaeus, 1758)",Fox,2025-01-04T00:00Z,-31.922415,116.077419,Western Australia,https://www.gbif.org/occurrence/5003643787
"Vulpes vulpes (Linnaeus, 1758)",Fox,2025-01-05T00:00Z,-37.826769,145.240073,Victoria,https://www.gbif.org/occurrence/5003643799
"Vulpes vulpes (Linnaeus, 1758)",Fox,2025-01-03T00:00Z,-33.515614,151.307892,New South Wales,https://www.gbif.org/occurrence/5003643806
"Vulpes vulpes (Linnaeus, 1758)",Fox,2025-01-03T00:00Z,-33.340165,151.415951,New South Wales,https://www.gbif.org/occurrence/5003643820
"Vulpes vulpes (Linnaeus, 1758)",Fox,2025-01-05T00:00Z,-33.858416,151.156097,New South Wales,https://www.gbif.org/occurrence/5003643834
"Vulpes vulpes (Linnaeus, 1758)",Fox,2025-01-01T00:00Z,-33.414163,151.433645,New South Wales,https://www.gbif.org/occurrence/5003643841
"Vulpes vulpes (Linnaeus, 1758)",Fox,2025-01-04T00:00Z,-33.340083,151.415916,New South Wales,https://www.gbif.org/occurrence/5003643844
"Vulpes vulpes (Linnaeus, 1758)",Fox,2025-01-06T00:00Z,-33.81264,151.264634,New South Wales,https://www.gbif.org/occurrence/5003643850
"Vulpes vulpes (Linnaeus, 1758)",Fox,2025-01-01T00:00Z,-32.117959,116.066366,Western Australia,https://www.gbif.org/occurrence/5003643856
"Vulpes vulpes (Linnaeus, 1758)",Fox,2025-01-02T00:00Z,-33.591298,150.204237,New South Wales,https://www.gbif.org/occurrence/5003643857
"Vulpes vulpes (Linnaeus, 1758)",Fox,2025-01-04T00:00Z,-31.910896,116.084271,Western Australia,https://www.gbif.org/occurrence/5003643862
"Vulpes vulpes (Linnaeus, 1758)",Fox,2025-01-02T00:00Z,-31.39917,152.665128,New South Wales,https://www.gbif.org/occurrence/5003643892
"Vulpes vulpes (Linnaeus, 1758)",Fox,2025-01-04T00:00Z,-34.007883,151.057246,New South Wales,https://www.gbif.org/occurrence/5003643906
"Vulpes vulpes (Linnaeus, 1758)",Fox,2025-01-01T00:00Z,-33.434105,151.379231,New South Wales,https://www.gbif.org/occurrence/5003643909
"Vulpes vulpes (Linnaeus, 1758)",Fox,2025-01-01T00:00Z,-33.54062,150.751309,New South Wales,https://www.gbif.org/occurrence/5003643910
"Vulpes vulpes (Linnaeus, 1758)",Fox,2025-01-03T00:00Z,-33.812729,151.264227,New South Wales,https://www.gbif.org/occurrence/5003643911
"Vulpes vulpes (Linnaeus, 1758)",Fox,2025-01-01T00:00Z,-33.767085,151.12833,New South Wales,https://www.gbif.org/occurrence/5003643918
"Vulpes vulpes (Linnaeus, 1758)",Fox,2025-01-02T00:00Z,-33.591377,150.204189,New South Wales,https://www.gbif.org/occurrence/5003643939
"Vulpes vulpes (Linnaeus, 1758)",Fox,2025-01-04T00:00Z,-32.449832,119.453018,Western Australia,https://www.gbif.org/occurrence/5003643966
"Vulpes vulpes (Linnaeus, 1758)",Fox,2025-01-01T00:00Z,-33.414166,151.433654,New South Wales,https://www.gbif.org/occurrence/5003643967
"Vulpes vulpes (Linnaeus, 1758)",Fox,2025-01-06T00:00Z,-33.590671,150.203747,New South Wales,https://www.gbif.org/occurrence/5003643982
"Vulpes vulpes (Linnaeus, 1758)",Fox,2025-01-03T00:00Z,-34.098373,150.825484,New South Wales,https://www.gbif.org/occurrence/5003644007
"Vulpes vulpes (Linnaeus, 1758)",Fox,2025-01-01T00:00Z,-38.670525,145.79114,Victoria,https://www.gbif.org/occurrence/5003644017
"Vulpes vulpes (Linnaeus, 1758)",Fox,2025-01-06T00:00Z,-33.851874,151.277446,New South Wales,https://www.gbif.org/occurrence/5003644039
"Vulpes vulpes (Linnaeus, 1758)",Fox,2025-01-06T00:00Z,-37.595727,143.674691,Victoria,https://www.gbif.org/occurrence/5003644064
"Vulpes vulpes (Linnaeus, 1758)",Fox,2025-01-03T00:00Z,-34.918241,150.550454,New South Wales,https://www.gbif.org/occurrence/5003644070
"Vulpes vulpes (Linnaeus, 1758)",Fox,2025-01-01T00:00Z,-33.413975,151.433877,New South Wales,https://www.gbif.org/occurrence/5003644087
"Vulpes vulpes (Linnaeus, 1758)",Fox,2025-01-01T00:00Z,-33.899659,116.017461,Western Australia,https://www.gbif.org/occurrence/5003644094
"Vulpes vulpes (Linnaeus, 1758)",Fox,2025-01-05T00:00Z,-33.746345,151.075244,New South Wales,https://www.gbif.org/occurrence/5003644098
"Vulpes vulpes (Linnaeus, 1758)",Fox,2025-01-03T00:00Z,-37.812342,144.981906,Victoria,https://www.gbif.org/occurrence/5003644104
"Vulpes vulpes (Linnaeus, 1758)",Fox,2025-01-03T00:00Z,-34.523804,118.567034,Western Australia,https://www.gbif.org/occurrence/5003644113
"Vulpes vulpes (Linnaeus, 1758)",Fox,2025-01-05T00:00Z,-33.537869,151.293589,New South Wales,https://www.gbif.org/occurrence/5003644115
"Vulpes vulpes (Linnaeus, 1758)",Fox,2025-01-04T00:00Z,-33.591366,150.204212,New South Wales,https://www.gbif.org/occurrence/5003644119
"Vulpes vulpes (Linnaeus, 1758)",Fox,2025-01-06T00:00Z,-33.413999,151.43367,New South Wales,https://www.gbif.org/occurrence/5003644126
"Vulpes vulpes (Linnaeus, 1758)",Fox,2025-01-02T00:00Z,-33.342927,151.406227,New South Wales,https://www.gbif.org/occurrence/5003644134
"Vulpes vulpes (Linnaeus, 1758)",,2025-01-04T07:20Z/2025-01-04T11:58Z,60.12022,19.905307,"Jomala, Möckelö, 3 (668:310)",https://www.gbif.org/occurrence/5003658903
"Vulpes vulpes (Linnaeus, 1758)",,2025-01-05T07:15Z/2025-01-05T11:15Z,60.413989,22.447453,"Kaarina, Raadelma-Tuorla, 3388 (670:324)",https://www.gbif.org/occurrence/5003658955
"Vulpes vulpes (Linnaeus, 1758)",,2025-01-06T07:10Z/2025-01-06T12:10Z,60.784551,28.045544,"Lappeenranta, Lahnajärvi, 225 (674:355)",https://www.gbif.org/occurrence/5003659000
"Vulpes vulpes (Linnaeus, 1758)",,2025-01-02T07:20Z/2025-01-02T14:20Z,60.106763,19.844109,"Jomala, Kungsö, 2 (668:310)",https://www.gbif.org/occurrence/5003659606
"Vulpes vulpes (Linnaeus, 1758)",,2025-01-06T06:55Z/2025-01-06T14:40Z,60.211623,25.018021,"Helsinki, Herttoniemi-Vii, 38 (667:339)",https://www.gbif.org/occurrence/5003659778
"Vulpes vulpes (Linnaeus, 1758)",,2025-01-04T08:50Z/2025-01-04T13:30Z,60.466141,22.047925,"Naantali, Luolalanjärvi, 3775 (671:322)",https://www.gbif.org/occurrence/5003660439
"Vulpes vulpes (Linnaeus, 1758)",,2025-01-03T07:05Z/2025-01-03T11:30Z,62.356867,29.034301,"Heinävesi, Vihtari, 3994 (691:360)",https://www.gbif.org/occurrence/5003661114
"Vulpes vulpes (Linnaeus, 1758)",,2025-01-02T07:00Z/2025-01-02T11:40Z,60.555654,22.22709,"Rusko, Keskusta-Mertte, 3695 (672:323)",https://www.gbif.org/occurrence/5003661859
"Vulpes vulpes (Linnaeus, 1758)",,2025-01-02T08:09Z/2025-01-02T11:55Z,60.408524,22.28246,"Turku, Rauvolanlahti, 106 (670:324)",https://www.gbif.org/occurrence/5003662667
"Vulpes vulpes (Linnaeus, 1758)",,2025-01-02T06:45Z/2025-01-02T13:00Z,61.225145,21.966096,"Eura, Panelia, 3267 (680:323)",https://www.gbif.org/occurrence/5003664161
"Vulpes vulpes (Linnaeus, 1758)",,2025-01-03T07:20Z/2025-01-03T13:35Z,60.202844,19.870538,EMKARBY,https://www.gbif.org/occurrence/5003664185
"Vulpes vulpes (Linnaeus, 1758)",,2025-01-05T07:00Z/2025-01-05T10:20Z,60.483892,25.727366,"Porvoo, Ilolanjoen pellot, 4030 (670:343)",https://www.gbif.org/occurrence/5003664240
"Vulpes vulpes (Linnaeus, 1758)",,2025-01-01T08:00Z/2025-01-01T12:00Z,61.224448,23.738459,"Vesilahti, Saarikunta, 3640 (679:332)",https://www.gbif.org/occurrence/5003664289
"Vulpes vulpes (Linnaeus, 1758)",,2025-01-06T07:40Z/2025-01-06T10:55Z,60.348841,22.702684,"Sauvo, Sauvon Keskusta, 3707 (670:326)",https://www.gbif.org/occurrence/5003664302
"Vulpes vulpes (Linnaeus, 1758)",,2025-01-03T07:05Z/2025-01-03T13:45Z,60.581806,21.831357,"Masku, Louhisaari+ymp, 3828 (673:321)",https://www.gbif.org/occurrence/5003665738
"Vulpes vulpes (Linnaeus, 1758)",,2025-01-04T07:50Z/2025-01-04T12:30Z,60.454212,22.340974,"Turku, Kohmo-Pääskyvuori, 3756 (671:324)",https://www.gbif.org/occurrence/5003665764
"Vulpes vulpes (Linnaeus, 1758)",,2025-01-02T07:15Z/2025-01-02T09:31Z,62.158549,27.853868,"Joroinen, Koskenkylä, 3609 (689:354)",https://www.gbif.org/occurrence/5003667187
"Vulpes vulpes (Linnaeus, 1758)",rödräv,2025-01-06T10:00,59.82019,17.81718,"Fält V Stora bron, Lövstaslätten, Upl",https://www.gbif.org/occurrence/5004568361
"Vulpes vulpes (Linnaeus, 1758)",rödräv,2025-01-08T05:50,59.41401,18.08797,"Svalnäsvägen, Upl",https://www.gbif.org/occurrence/5004568508
"Vulpes vulpes (Linnaeus, 1758)",rödräv,2025-01-01T10:55,58.36041,13.81058,"Södra brottet, Skövde, Vg",https://www.gbif.org/occurrence/5004571353
"Vulpes vulpes (Linnaeus, 1758)",rödräv,2025-01-04T08:26,59.55421,18.15484,"Kusta, Angarnssjöängen, Upl",https://www.gbif.org/occurrence/5004573445
"Vulpes vulpes (Linnaeus, 1758)",rödräv,2025-01-04T13:41,55.54203,14.11049,"Västgård, Sk",https://www.gbif.org/occurrence/5004573503
"Vulpes vulpes (Linnaeus, 1758)",rödräv,2025-01-08T12:30,57.91909,13.58966,"lönnern, Källeberg, Vg",https://www.gbif.org/occurrence/5004574059
"Vulpes vulpes (Linnaeus, 1758)",rödräv,2025-01-03T08:20,58.1617,13.52922,"Falevi Aspelund, Falköping, Vg",https://www.gbif.org/occurrence/5004574512
"Vulpes vulpes (Linnaeus, 1758)",rödräv,2025-01-03T13:38,60.49578,17.68847,"svenskärsavfarten, Ledskärsområdet, Upl",https://www.gbif.org/occurrence/5004576227
"Vulpes vulpes (Linnaeus, 1758)",rödräv,2025-01-02T21:30,62.03551,14.76197,"Kolsätt, Jollars, Hjd",https://www.gbif.org/occurrence/5004576422
"Vulpes vulpes (Linnaeus, 1758)",rödräv,2025-01-05T13:50,59.75694,17.64818,"Morga hage, Kungshamn-Morga NR, Upl",https://www.gbif.org/occurrence/5004576814
"Vulpes vulpes (Linnaeus, 1758)",rödräv,2025-01-01T13:00,63.68166,20.33404,"Fodercentralen, Vb",https://www.gbif.org/occurrence/5004577715
"Vulpes vulpes (Linnaeus, 1758)",rödräv,2025-01-02T21:39,57.62157,18.27669,"Färjeledsrondellen, Visby, Gtl",https://www.gbif.org/occurrence/5004581200
"Vulpes vulpes (Linnaeus, 1758)",rödräv,2025-01-05T11:30,58.16073,15.75904,"Bjärken, Ög",https://www.gbif.org/occurrence/5004581715
"Vulpes vulpes (Linnaeus, 1758)",rödräv,2025-01-04T15:55,56.53671,16.44039,"Gynge by, Resmo kyrka, Öl",https://www.gbif.org/occurrence/5004582445
"Vulpes vulpes (Linnaeus, 1758)",rödräv,2025-01-05T15:00,57.53454,18.1426,"Nasume myr, Tofta skjutfält, Gtl",https://www.gbif.org/occurrence/5004582678
"Vulpes vulpes (Linnaeus, 1758)",rödräv,2025-01-06T11:15,63.79386,20.57552,"Skeppsvik, Nedre Sävarån, Vb",https://www.gbif.org/occurrence/5004583532
"Vulpes vulpes (Linnaeus, 1758)",rödräv,2025-01-06T22:00,59.44721,17.94765,"tomtkorsning, Upl",https://www.gbif.org/occurrence/5004589348
"Vulpes vulpes (Linnaeus, 1758)",rödräv,2025-01-02T10:30/2025-01-02T14:30,56.21497,16.41158,"körvägen söder om södra lunden, Ottenby, Öl",https://www.gbif.org/occurrence/5004591732
"Vulpes vulpes (Linnaeus, 1758)",rödräv,2025-01-05T14:28,57.79999,11.8481,"Metesten, Harestad, Boh 196 m SE, Boh",https://www.gbif.org/occurrence/5004592310
"Vulpes vulpes (Linnaeus, 1758)",rödräv,2025-01-04,56.06039,13.20527,"Slättåkra gård, Ljungbyhed, Sk",https://www.gbif.org/occurrence/5004594494
"Vulpes vulpes (Linnaeus, 1758)",rödräv,2025-01-02T14:20,59.75495,16.18032,"Sörby, Ramnäs sn, Vstm",https://www.gbif.org/occurrence/5004602489
"Vulpes vulpes (Linnaeus, 1758)",rödräv,2025-01-06,59.37718,16.43852,"Ekeby, Srm",https://www.gbif.org/occurrence/5004604058
"Vulpes vulpes (Linnaeus, 1758)",rödräv,2025-01-01,59.87544,13.55629,"Mjönäs, Munkforsområdet, Vrm",https://www.gbif.org/occurrence/5004604918
"Vulpes vulpes (Linnaeus, 1758)",rödräv,2025-01-03T13:00/2025-01-03T13:15,56.23279,16.41651,"Ottenby Kungsgård 308,Mörbylånga, Öl",https://www.gbif.org/occurrence/5004605271
"Vulpes vulpes (Linnaeus, 1758)",rödräv,2025-01-05T09:00/2025-01-05T11:30,59.54584,18.15075,"Angarnssjöängen, Angarnssjöängen, Upl",https://www.gbif.org/occurrence/5004605349
"Vulpes vulpes (Linnaeus, 1758)",rödräv,2025-01-06,63.69896,20.3587,"Patholmsviken, Holmsund, Vb",https://www.gbif.org/occurrence/5004605496
"Vulpes vulpes (Linnaeus, 1758)",rödräv,2025-01-07T12:00,63.79688,15.52536,"bron, Jmt",https://www.gbif.org/occurrence/5004605624
"Vulpes vulpes (Linnaeus, 1758)",rödräv,2025-01-05T08:15/2025-01-05T08:30,59.54143,16.66798,"Dyuddens sydspets tomt, Vstm",https://www.gbif.org/occurrence/5004607516
"Vulpes vulpes (Linnaeus, 1758)",rödräv,2025-01-05T12:00,59.63009,16.9519,"Hummelsta, Hummelsta, Upl",https://www.gbif.org/occurrence/5004607647
"Vulpes vulpes (Linnaeus, 1758)",rödräv,2025-01-07,59.54143,16.66798,"Dyuddens sydspets tomt, Vstm",https://www.gbif.org/occurrence/5004608825
"Vulpes vulpes (Linnaeus, 1758)",rödräv,2025-01-04T10:05,59.82995,17.79458,"Tvärdiket Tjocksta, Lövstaslätten, Upl",https://www.gbif.org/occurrence/5004609486
"Vulpes vulpes (Linnaeus, 1758)",rödräv,2025-01-05T08:30,58.45146,15.58401,"Sättuna badplats, Sättuna, Ög",https://www.gbif.org/occurrence/5004610466
"Vulpes vulpes (Linnaeus, 1758)",rödräv,2025-01-05T13:00,59.20669,18.14921,"Timmervägen 13,Länna,Huddinge, Srm",https://www.gbif.org/occurrence/5004610748
"Vulpes vulpes (Linnaeus, 1758)",rödräv,2025-01-02,56.6486,12.79077,"Långenäsviken, stranden i NV, Hl",https://www.gbif.org/occurrence/5004611338
"Vulpes vulpes (Linnaeus, 1758)",rödräv,2025-01-06,57.96054,15.6581,"Gummetorpasjön, Ög",https://www.gbif.org/occurrence/5004612107
"Vulpes vulpes (Linnaeus, 1758)",rödräv,2025-01-05T13:30,59.05128,15.84095,"Åby loge, Srm",https://www.gbif.org/occurrence/5004613506
"Vulpes vulpes (Linnaeus, 1758)",rödräv,2025-01-05T22:12,57.6567,12.11009,"Råda stock, Mölnlycke, Vg",https://www.gbif.org/occurrence/5004616245
"Vulpes vulpes (Linnaeus, 1758)",rödräv,2025-01-07T14:47/2025-01-07T15:10,58.80767,16.73314,"Skåra viltvatten , Srm",https://www.gbif.org/occurrence/5004617337
"Vulpes vulpes (Linnaeus, 1758)",rödräv,2025-01-05,66.64985,23.8604,"Svanstein 64, Svanstein, Nb",https://www.gbif.org/occurrence/5004619048
"Vulpes vulpes (Linnaeus, 1758)",rödräv,2025-01-04,63.00356,17.76865,"Nylands kaj, Ång",https://www.gbif.org/occurrence/5004622446
"Vulpes vulpes (Linnaeus, 1758)",rödräv,2025-01-05T12:35,59.8585,18.0907,"SÖ Almunge, Almunge, Upl",https://www.gbif.org/occurrence/5004623493
"Vulpes vulpes (Linnaeus, 1758)",rödräv,2025-01-04T12:43,56.68718,16.00284,"Kulla,Nybro, Sm",https://www.gbif.org/occurrence/5004630041
"Vulpes vulpes (Linnaeus, 1758)",rödräv,2025-01-05T08:05,58.89451,17.56787,"Skogsstigen, Trosa, Srm",https://www.gbif.org/occurrence/5004630739
"Vulpes vulpes (Linnaeus, 1758)",rödräv,2025-01-06T21:11,59.41157,17.99315,"Badplatsen tegelhagsskogen, Edsviken, Upl",https://www.gbif.org/occurrence/5004630935
"Vulpes vulpes (Linnaeus, 1758)",rödräv,2025-01-03T09:20/2025-01-03T10:20,56.19994,16.39986,"Fyrvägen, Öl",https://www.gbif.org/occurrence/5004631781
"Vulpes vulpes (Linnaeus, 1758)",rödräv,2025-01-04T12:00,57.86237,14.41093,"Öster Märraskogen, Sm",https://www.gbif.org/occurrence/5004631985
"Vulpes vulpes (Linnaeus, 1758)",rödräv,2025-01-06,59.54143,16.66798,"Dyuddens sydspets tomt, Vstm",https://www.gbif.org/occurrence/5004632697
"Vulpes vulpes (Linnaeus, 1758)",rödräv,2025-01-03T00:30,58.26447,12.28405,"eriksro trollhättans kommun, Vg",https://www.gbif.org/occurrence/5004633266
"Vulpes vulpes (Linnaeus, 1758)",rödräv,2025-01-02,58.75176,15.16795,"vattentäkten, Ög",https://www.gbif.org/occurrence/5004637352
"Vulpes vulpes (Linnaeus, 1758)",rödräv,2025-01-05T09:30/2025-01-05T11:00,59.0803,15.1077,"Hallsberg, Nrk Rala Åkrar, Nrk",https://www.gbif.org/occurrence/5004637817
"Vulpes vulpes (Linnaeus, 1758)",rödräv,2025-01-05T09:30,59.80007,17.54638,"Bärsta, Uppsala-Näs, Upl",https://www.gbif.org/occurrence/5004637854
"Vulpes vulpes (Linnaeus, 1758)",rödräv,2025-01-05T09:42,56.2152,16.41593,"Södra lundtornet, Öl",https://www.gbif.org/occurrence/5004638555
"Vulpes vulpes (Linnaeus, 1758)",rödräv,2025-01-05T14:05,60.06276,16.63206,"Nordanberg, Möklinta sn, Vstm",https://www.gbif.org/occurrence/5004638697
"Vulpes vulpes (Linnaeus, 1758)",rödräv,2025-01-01,59.64311,18.61071,"Gunnsjön, Upl",https://www.gbif.org/occurrence/5004640697
"Vulpes vulpes (Linnaeus, 1758)",rödräv,2025-01-03T09:00/2025-01-03T09:02,56.66147,13.35015,"Rävshult, Hl",https://www.gbif.org/occurrence/5004640766
"Vulpes vulpes (Linnaeus, 1758)",rödräv,2025-01-04,59.40152,15.76285,"Kalkugnsberget, Vstm",https://www.gbif.org/occurrence/5004641013
"Vulpes vulpes (Linnaeus, 1758)",rödräv,2025-01-06T10:20,59.72356,17.31676,"Länsmansbärby, Stora Bärby 1:2, Upl",https://www.gbif.org/occurrence/5004641250
"Vulpes vulpes (Linnaeus, 1758)",rödräv,2025-01-02T12:00,60.6782,17.19458,"Villa Rettig, Gstr",https://www.gbif.org/occurrence/5004642918
"Vulpes vulpes (Linnaeus, 1758)",rödräv,2025-01-08T05:56,57.66259,18.44386,"Bro stajnkalm, Bro stajnkalm, Gtl",https://www.gbif.org/occurrence/5004645183
"Vulpes vulpes (Linnaeus, 1758)",rödräv,2025-01-05T12:51/2025-01-05T13:30,59.30656,16.44918,"övrigt Fågeltorp , Srm",https://www.gbif.org/occurrence/5004647039
"Vulpes vulpes (Linnaeus, 1758)",rödräv,2025-01-05T14:30,56.57267,16.57794,"Ekelunda, Ekelunda, Öl",https://www.gbif.org/occurrence/5004647106
"Vulpes vulpes (Linnaeus, 1758)",rödräv,2025-01-06T04:00,66.64985,23.8604,"Svanstein 64, Svanstein, Nb",https://www.gbif.org/occurrence/5004647163
"Vulpes vulpes (Linnaeus, 1758)",rödräv,2025-01-02T06:00,59.86299,18.80811,"Granvik, Upl",https://www.gbif.org/occurrence/5004647991
"Vulpes vulpes (Linnaeus, 1758)",rödräv,2025-01-07,65.60606,22.01472,"N Timmervägen 45, Norra Gäddvik, Nb",https://www.gbif.org/occurrence/5004651990
"Vulpes vulpes (Linnaeus, 1758)",rödräv,2025-01-06T10:15,59.83577,17.78746,"Lövstaslätten, Lövstaslätten, Upl",https://www.gbif.org/occurrence/5004652516
"Vulpes vulpes (Linnaeus, 1758)",rödräv,2025-01-05T04:00/2025-01-05T04:15,60.10959,17.53466,"Dalboda 4, Velången, Björklinge, Upl",https://www.gbif.org/occurrence/5004655892
"Vulpes vulpes (Linnaeus, 1758)",rödräv,2025-01-03,66.64985,23.8604,"Svanstein 64, Svanstein, Nb",https://www.gbif.org/occurrence/5004658417
"Vulpes vulpes (Linnaeus, 1758)",rödräv,2025-01-03T13:22,56.19621,16.39712,"ottenby, Ottenby, Öl",https://www.gbif.org/occurrence/5004661403
"Vulpes vulpes (Linnaeus, 1758)",rödräv,2025-01-02,59.80306,17.61933,"Norrtorpsvägen Gottsundagipen, Gottsunda, Uppsala, Upl",https://www.gbif.org/occurrence/5004663411
"Vulpes vulpes (Linnaeus, 1758)",rödräv,2025-01-04T05:08,59.21686,15.22784,"Riksväg vid Atleverket, Nrk",https://www.gbif.org/occurrence/5004667716
"Vulpes vulpes (Linnaeus, 1758)",rödräv,2025-01-01,58.74462,15.14682,"Hökaberget, Ög",https://www.gbif.org/occurrence/5004677565
"Vulpes vulpes (Linnaeus, 1758)",rödräv,2025-01-03,59.94288,17.65237,"Fullerö, Storvreta, Upl",https://www.gbif.org/occurrence/5004683146
"Vulpes vulpes (Linnaeus, 1758)",rödräv,2025-01-08T19:35,59.83552,17.68732,"Kuggebro, Upl",https://www.gbif.org/occurrence/5004683521
"Vulpes vulpes (Linnaeus, 1758)",rödräv,2025-01-04T10:27/2025-01-04T11:10,56.04139,14.12709,"Isternäset, Isternäset, Sk",https://www.gbif.org/occurrence/5004685807
"Vulpes vulpes (Linnaeus, 1758)",rödräv,2025-01-05T11:00,56.72404,12.9079,"Älvasjö, Älvasjö, Övraby, Hl",https://www.gbif.org/occurrence/5004686183
"Vulpes vulpes (Linnaeus, 1758)",rödräv,2025-01-06T13:30,59.79853,16.22254,"Stormossen, Ramnäs sn, Vstm",https://www.gbif.org/occurrence/5004686204
"Vulpes vulpes (Linnaeus, 1758)",rödräv,2025-01-05T14:20,58.36132,15.63834,"Ekö, Ekö, Ög",https://www.gbif.org/occurrence/5004687087
"Vulpes vulpes (Linnaeus, 1758)",rödräv,2025-01-03,56.52204,15.82413,"Harstensbo, Sm",https://www.gbif.org/occurrence/5004690741
"Vulpes vulpes (Linnaeus, 1758)",rödräv,2025-01-04T11:15,59.85966,18.10416,"Ängarna SV Uddnäs, Almunge, Upl",https://www.gbif.org/occurrence/5004690912
"Vulpes vulpes (Linnaeus, 1758)",rödräv,2025-01-03T10:50/2025-01-03T13:00,58.59237,16.38174,"BetebyStrandängarX, Ög",https://www.gbif.org/occurrence/5004691763
"Vulpes vulpes (Linnaeus, 1758)",rödräv,2025-01-06,59.33715,18.89788,"Harö by 2:104, Harö skärgård, Upl",https://www.gbif.org/occurrence/5004692950
"Vulpes vulpes (Linnaeus, 1758)",rödräv,2025-01-06T10:30/2025-01-06T11:30,63.84397,20.20849,"Rödb./Tvärån, Vb",https://www.gbif.org/occurrence/5004693307
"Vulpes vulpes (Linnaeus, 1758)",rödräv,2025-01-05T12:30/2025-01-05T14:00,55.42023,13.84031,"Världens ände, Ystad, Sk",https://www.gbif.org/occurrence/5004694899
"Vulpes vulpes (Linnaeus, 1758)",rödräv,2025-01-02,66.43126,20.6073,"Domänvägen 6, Lu lm",https://www.gbif.org/occurrence/5004695228
"Vulpes vulpes (Linnaeus, 1758)",rödräv,2025-01-02,58.14322,13.4508,"Sjötorpasjön, Sjötorpasjön, Falköping, Vg",https://www.gbif.org/occurrence/5004696537
"Vulpes vulpes (Linnaeus, 1758)",rödräv,2025-01-05,59.94633,17.88142,"Gåvstaängarna, Rasbo, Upl",https://www.gbif.org/occurrence/5004697191
"Vulpes vulpes (Linnaeus, 1758)",rödräv,2025-01-04T08:00/2025-01-04T12:30,55.71814,13.26806,"Glomsjön, Kungsmarken, Sk",https://www.gbif.org/occurrence/5004697842
"Vulpes vulpes (Linnaeus, 1758)",rödräv,2025-01-05T12:07,56.68653,13.11248,"Byggetslyckemossen, Hl",https://www.gbif.org/occurrence/5004698016
"Vulpes vulpes (Linnaeus, 1758)",rödräv,2025-01-02T08:00,59.7665,16.18969,"Norrby, Ramnäs, Vstm",https://www.gbif.org/occurrence/5004699934
"Vulpes vulpes (Linnaeus, 1758)",rödräv,2025-01-02T17:38,59.18621,18.00618,"Korsningen Holmträskvägen/Hökärrsvägen, Gamla tippen Gladökvarn, Srm",https://www.gbif.org/occurrence/5004700750
"Vulpes vulpes (Linnaeus, 1758)",rödräv,2025-01-03,60.13023,15.23171,"Marnässkogen, Gamla Knutsbo, Ludvika, Dlr",https://www.gbif.org/occurrence/5004702026
"Vulpes vulpes (Linnaeus, 1758)",rödräv,2025-01-02T23:02,57.76853,12.02276,"Hjällbo, Vg",https://www.gbif.org/occurrence/5004703949
"Vulpes vulpes (Linnaeus, 1758)",rödräv,2025-01-04T12:01,57.66653,12.27739,"väg4, Landvetters flygplats, Härryda, Vg",https://www.gbif.org/occurrence/5004704139
"Vulpes vulpes (Linnaeus, 1758)",rödräv,2025-01-08,66.64985,23.8604,"Svanstein 64, Svanstein, Nb",https://www.gbif.org/occurrence/5004704468
"Vulpes vulpes (Linnaeus, 1758)",rödräv,2025-01-03,55.86081,12.91432,"Häljarps våtmark, Häljarp, Sk",https://www.gbif.org/occurrence/5004707613
"Vulpes vulpes (Linnaeus, 1758)",rödräv,2025-01-02,58.61737,15.02485,"torpet, Ög",https://www.gbif.org/occurrence/5004710074
"Vulpes vulpes (Linnaeus, 1758)",rödräv,2025-01-05,59.37058,16.41718,"Södra Hagby, Hagby, Srm",https://www.gbif.org/occurrence/5004713024
"Vulpes vulpes (Linnaeus, 1758)",rödräv,2025-01-01T21:18/2025-01-01T21:23,59.20653,18.14964,"Timmervägen / Backåsvägen, Länna, Srm",https://www.gbif.org/occurrence/5004714829
"Vulpes vulpes (Linnaeus, 1758)",rödräv,2025-01-02T12:30,59.56263,18.25234,"Össeby-Garn k:a, Brottby, Upl",https://www.gbif.org/occurrence/5004715790
"Vulpes vulpes (Linnaeus, 1758)",rödräv,2025-01-03T13:50,59.81154,17.82715,"Pumphuset Kasbyladan, Lövstaslätten, Upl",https://www.gbif.org/occurrence/5004716075
"Vulpes vulpes (Linnaeus, 1758)",rödräv,2025-01-05T09:30/2025-01-05T11:00,59.07988,15.10735,"Rala åkermark (Hallsbergs kommun), Hallsberg, Nrk",https://www.gbif.org/occurrence/5004717214
"Vulpes vulpes (Linnaeus, 1758)",rödräv,2025-01-05T08:00/2025-01-05T09:00,60.37259,16.13796,"Flinsängarna, Dlr",https://www.gbif.org/occurrence/5004719103
"Vulpes vulpes (Linnaeus, 1758)",rödräv,2025-01-01T13:10,59.80393,17.66399,"N Sunnerstaviken, Årike Fyris, Upl",https://www.gbif.org/occurrence/5004719494
"Vulpes vulpes (Linnaeus, 1758)",rödräv,2025-01-05T10:28,56.71727,12.88426,"Vrangelsro, Vapnödalen, Hl",https://www.gbif.org/occurrence/5004720249
"Vulpes vulpes (Linnaeus, 1758)",rödräv,2025-01-06T09:27/2025-01-06T09:29,59.82834,17.66263,"Fälten V Övre Föret, Årike Fyris, Upl",https://www.gbif.org/occurrence/5004721345
"Vulpes vulpes (Linnaeus, 1758)",rödräv,2025-01-05,56.41757,15.63108,"Lommagölen, Bl",https://www.gbif.org/occurrence/5004723169
"Vulpes vulpes (Linnaeus, 1758)",rödräv,2025-01-04T13:50/2025-01-04T13:58,55.52362,12.91609,"Ridhuset, Klagshamns udde, Sk",https://www.gbif.org/occurrence/5004724561
"Vulpes vulpes (Linnaeus, 1758)",rödräv,2025-01-03T06:00,57.05764,14.72511,"Björnbäcken, Ryen, Berg, Sm",https://www.gbif.org/occurrence/5004728771
"Vulpes vulpes (Linnaeus, 1758)",rödräv,2025-01-05,62.33481,14.07709,"Storberget, ovanför Olles ställe, Hjd",https://www.gbif.org/occurrence/5004729206
"Vulpes vulpes (Linnaeus, 1758)",rödräv,2025-01-06,56.91457,13.99785,"Aspudden, Lagan, Sm",https://www.gbif.org/occurrence/5004730512
"Vulpes vulpes (Linnaeus, 1758)",rödräv,2025-01-06T09:00,59.76559,16.19124,"Norrby, Ramnäs sn, Surahammars kn, Vstm",https://www.gbif.org/occurrence/5004730522
"Vulpes vulpes (Linnaeus, 1758)",rödräv,2025-01-02T12:40,57.93234,12.37428,"Östad, Vg",https://www.gbif.org/occurrence/5004733031
"Vulpes vulpes (Linnaeus, 1758)",rödräv,2025-01-01T10:20,59.44333,17.90744,"Bög Strandäng, Upl",https://www.gbif.org/occurrence/5004734401
"Vulpes vulpes (Linnaeus, 1758)",rödräv,2025-01-04,56.61332,16.44714,"åker, Öl",https://www.gbif.org/occurrence/5004737667
"Vulpes vulpes (Linnaeus, 1758)",rödräv,2025-01-05T08:25,55.58001,13.08879,"Husiemosse, Husie mosse, Sk",https://www.gbif.org/occurrence/5004754341
"Vulpes vulpes (Linnaeus, 1758)",Red Fox,2025-01-05,38.668202,-0.51907,Carrascal de la Font Roja,https://www.gbif.org/occurrence/5004972452
"Vulpes vulpes (Linnaeus, 1758)",Red Fox,2025-01-02,40.017651,-6.031462,Arroyos Barbaon y Calzones - N2000,https://www.gbif.org/occurrence/5004975131
"Vulpes vulpes (Linnaeus, 1758)",Red Fox,2025-01-03,52.4,5.4,Oostvaardersplassen - Kleine Praambult,https://www.gbif.org/occurrence/5004976210
"Vulpes vulpes (Linnaeus, 1758)",Red Fox,2025-01-03,50.75,5.7,Eijsden - Mariadorp,https://www.gbif.org/occurrence/5004976295
"Vulpes vulpes (Linnaeus, 1758)",Red Fox,2025-01-01,42.094091,-4.628312,Villaumbrales,https://www.gbif.org/occurrence/5004981093
"Vulpes vulpes (Linnaeus, 1758)",Red Fox,2025-01-04,52.4,5.4,Oostvaardersplassen - Pad naar Wigbels eiland,https://www.gbif.org/occurrence/5004993632
"Vulpes vulpes (Linnaeus, 1758)",Red Fox,2025-01-02,52.75,4.65,Petten - Polder Q,https://www.gbif.org/occurrence/5004994879
"Vulpes vulpes (Linnaeus, 1758)",Red Fox,2025-01-02,52.95,4.75,Den Helder - Binnenstad,https://www.gbif.org/occurrence/5004995094
"Vulpes vulpes (Linnaeus, 1758)",Red Fox,2025-01-03,52.35,4.55,Overveen - Buitenplaats Elswout,https://www.gbif.org/occurrence/5004998360
"Vulpes vulpes (Linnaeus, 1758)",Red Fox,2025-01-04,47.86473,11.71527,MB Miesbach (Landkreis),https://www.gbif.org/occurrence/5004998495
"Vulpes vulpes (Linnaeus, 1758)",Red Fox,2025-01-05,51.291915,9.423024,Dönche - N2000,https://www.gbif.org/occurrence/5004998678
"Vulpes vulpes (Linnaeus, 1758)",Red Fox,2025-01-02,52.15,5.4,Amersfoort - Bloeidaal,https://www.gbif.org/occurrence/5005065565
"Vulpes vulpes (Linnaeus, 1758)",Red Fox,2025-01-04,51.3,3.7,Braakman Noord - middengebied,https://www.gbif.org/occurrence/5005067043
"Vulpes vulpes (Linnaeus, 1758)",Red Fox,2025-01-02,52.45,5.3,Oostvaardersdijk - Uitkijkpunt Nonnetje,https://www.gbif.org/occurrence/5005071643
"Vulpes vulpes (Linnaeus, 1758)",Red Fox,2025-01-01,39.893972,-6.061767,Malpartida de Plasencia,https://www.gbif.org/occurrence/5005134151
"Vulpes vulpes (Linnaeus, 1758)",Red Fox,2025-01-01,51.35,5.55,Heeze - De Zegge e.o.,https://www.gbif.org/occurrence/5005149292
"Vulpes vulpes (Linnaeus, 1758)",Red Fox,2025-01-04,52.15,5.2,Maartensdijk - Landgoed Eyckenstein,https://www.gbif.org/occurrence/5005155203
"Vulpes vulpes (Linnaeus, 1758)",Red Fox,2025-01-03,52.45,4.55,IJmuiden - Parkeerplaats Kennemermeer,https://www.gbif.org/occurrence/5005157581
"Vulpes vulpes (Linnaeus, 1758)",Red Fox,2025-01-03,52.4,5.4,Oostvaardersplassen - Kleine Praambult,https://www.gbif.org/occurrence/5005157623
"Vulpes vulpes (Linnaeus, 1758)",Red Fox,2025-01-04,53.15,6.5,De Onlanden - Weeringsbroeken,https://www.gbif.org/occurrence/5005163875
"Vulpes vulpes (Linnaeus, 1758)",Red Fox,2025-01-04,46.024483,6.315257,La Roche-sur-Foron,https://www.gbif.org/occurrence/5005167049
"Vulpes vulpes (Linnaeus, 1758)",Red Fox,2025-01-04,52.15,5.2,Maartensdijk - Landgoed Eyckenstein,https://www.gbif.org/occurrence/5005170424
"Vulpes vulpes (Linnaeus, 1758)",Red Fox,2025-01-02,52.4,5.3,Oostvaardersplassen - Jan van den Boschpad,https://www.gbif.org/occurrence/5005234644
"Vulpes vulpes (Linnaeus, 1758)",Red Fox,2025-01-04,53.113492,9.931001,LG VSG Lüneburger Heide,https://www.gbif.org/occurrence/5005236808
"Vulpes vulpes (Linnaeus, 1758)",Red Fox,2025-01-02,51.45,4.35,Wouwse Plantage - Wouwsche Plantage - west,https://www.gbif.org/occurrence/5005241335
"Vulpes vulpes (Linnaeus, 1758)",Red Fox,2025-01-02,52.4,5.4,Oostvaardersplassen - Kleine Praambult,https://www.gbif.org/occurrence/5005241363
"Vulpes vulpes (Linnaeus, 1758)",Red Fox,2025-01-01,42.092118,-4.630926,Villaumbrales,https://www.gbif.org/occurrence/5005327125
"Vulpes vulpes (Linnaeus, 1758)",Red Fox,2025-01-01,52.45,5.45,Lelystad - Waterwijk,https://www.gbif.org/occurrence/5005330049
"Vulpes vulpes (Linnaeus, 1758)",Red Fox,2025-01-03,52.4,5.35,Oostvaardersplassen - Grote Praambult e.o.,https://www.gbif.org/occurrence/5005333047
"Vulpes vulpes (Linnaeus, 1758)",Red Fox,2025-01-01,51.15,6.0,Melick,https://www.gbif.org/occurrence/5005333951
"Vulpes vulpes (Linnaeus, 1758)",Red Fox,2025-01-02,52.45,5.4,Oostvaardersplassen - Pad naar De Zeearend,https://www.gbif.org/occurrence/5005336027
"Vulpes vulpes (Linnaeus, 1758)",Red Fox,2025-01-02,52.45,5.3,Oostvaardersdijk - Uitkijkpunt Nonnetje,https://www.gbif.org/occurrence/5005339890
"Vulpes vulpes (Linnaeus, 1758)",Red Fox,2025-01-03,52.4,5.35,Oostvaardersplassen - Grote Praambult e.o.,https://www.gbif.org/occurrence/5005346387
"Vulpes vulpes (Linnaeus, 1758)",Red Fox,2025-01-05,47.475826,11.076703,GAP Garmisch-Partenkirchen (Landkreis),https://www.gbif.org/occurrence/5005351759
"Vulpes vulpes (Linnaeus, 1758)",Red Fox,2025-01-04,52.4,5.35,Oostvaardersplassen - Praamweg,https://www.gbif.org/occurrence/5005370717
"Vulpes vulpes (Linnaeus, 1758)",Red Fox,2025-01-02,38.664683,-0.538982,Carrascal de la Font Roja,https://www.gbif.org/occurrence/5005380178
"Vulpes vulpes (Linnaeus, 1758)",Red Fox,2025-01-02,52.5,4.6,Noordhollands Duinreservaat - Hoefijzermeer,https://www.gbif.org/occurrence/5005380724
"Vulpes vulpes (Linnaeus, 1758)",Red Fox,2025-01-01,42.108298,-4.593603,Villaumbrales,https://www.gbif.org/occurrence/5005381789
"Vulpes vulpes (Linnaeus, 1758)",Red Fox,2025-01-01,41.879748,-0.209076,Lalueza,https://www.gbif.org/occurrence/5005381806
"Vulpes vulpes (Linnaeus, 1758)",Red Fox,2025-01-01,51.504755,-0.122908,London,https://www.gbif.org/occurrence/5005381827
"Vulpes vulpes (Linnaeus, 1758)",Red Fox,2025-01-02,41.822174,-6.609727,São Julião de Palácios,https://www.gbif.org/occurrence/5005382618
"Vulpes vulpes (Linnaeus, 1758)",Red Fox,2025-01-02,52.4,5.4,Oostvaardersplassen - Kleine Praambult,https://www.gbif.org/occurrence/5005384281
"Vulpes vulpes (Linnaeus, 1758)",Red Fox,2025-01-04,52.8,6.35,Dwingelderveld - Davidsplassen,https://www.gbif.org/occurrence/5005412544
"Vulpes vulpes (Linnaeus, 1758)",Red Fox,2025-01-04,47.648273,11.237241,GAP Garmisch-Partenkirchen (Landkreis),https://www.gbif.org/occurrence/5005412557
"Vulpes vulpes (Linnaeus, 1758)",Red Fox,2025-01-03,51.281552,8.707185,HSK Willingen (Upland),https://www.gbif.org/occurrence/5005419465
"Vulpes vulpes (Linnaeus, 1758)",Red Fox,2025-01-03,52.0,4.1,'s-Gravenzande - De Banken e.o.,https://www.gbif.org/occurrence/5005425473
"Vulpes vulpes (Linnaeus, 1758)",Red Fox,2025-01-04,53.15,6.5,De Onlanden - Eelderdiep,https://www.gbif.org/occurrence/5005430531
"Vulpes vulpes (Linnaeus, 1758)",Red Fox,2025-01-02,52.4,4.55,Nationaal Park Zuid-Kennemerland - Kennemerduinen,https://www.gbif.org/occurrence/5005827664
"Vulpes vulpes (Linnaeus, 1758)",Red Fox,2025-01-03,50.75,5.7,Eijsden - Mariadorp,https://www.gbif.org/occurrence/5005828042
"Vulpes vulpes (Linnaeus, 1758)",Red Fox,2025-01-03,52.4,5.35,Oostvaardersplassen - Grote Praambult e.o.,https://www.gbif.org/occurrence/5005832451
"Vulpes vulpes (Linnaeus, 1758)",Red Fox,2025-01-05,52.25,4.7,Haarlemmermeer,https://www.gbif.org/occurrence/5005832890
"Vulpes vulpes (Linnaeus, 1758)",Red Fox,2025-01-02,52.4,5.4,Oostvaardersplassen - Kleine Praambult,https://www.gbif.org/occurrence/5005876007
"Vulpes vulpes (Linnaeus, 1758)",Red Fox,2025-01-03,52.45,5.4,Oostvaardersplassen - Pad naar De Zeearend,https://www.gbif.org/occurrence/5005876134
"Vulpes vulpes (Linnaeus, 1758)",Red Fox,2025-01-04,52.45,5.35,Oostvaardersplassen - N2000,https://www.gbif.org/occurrence/5005898453
"Vulpes vulpes (Linnaeus, 1758)",Red Fox,2025-01-03,51.7,5.0,Waalwijk - Capelsche Uiterwaard,https://www.gbif.org/occurrence/5005926311
"Vulpes vulpes (Linnaeus, 1758)",Red Fox,2025-01-02,52.9,6.7,Drouwenerveld - Boswachterij,https://www.gbif.org/occurrence/5005941434
"Vulpes vulpes (Linnaeus, 1758)",Red Fox,2025-01-03,51.4,4.25,Rilland - Hogerwaardpolder west - natuurontwikkeling,https://www.gbif.org/occurrence/5005941627
"Vulpes vulpes (Linnaeus, 1758)",Red Fox,2025-01-02,51.833057,7.619656,MS Münster und Umgebung,https://www.gbif.org/occurrence/5006001257
